thread,startTime,endTime,duration_ms,status
18,1774010630914,1774010633801,2887,SUCCESS
9,1774010630914,1774010633822,2908,SUCCESS
25,1774010630913,1774010633824,2911,SUCCESS
30,1774010630914,1774010633831,2917,SUCCESS
1,1774010630914,1774010633848,2934,SUCCESS
24,1774010630914,1774010633854,2940,SUCCESS
28,1774010630914,1774010633864,2950,SUCCESS
4,1774010630914,1774010633869,2955,SUCCESS
8,1774010630914,1774010633880,2966,SUCCESS
32,1774010630914,1774010633882,2968,SUCCESS
40,1774010630913,1774010633886,2973,SUCCESS
31,1774010630914,1774010633890,2976,SUCCESS
5,1774010630914,1774010633899,2985,SUCCESS
11,1774010630914,1774010633903,2989,SUCCESS
48,1774010630913,1774010633925,3012,SUCCESS
17,1774010630914,1774010633939,3025,SUCCESS
6,1774010630914,1774010633953,3039,SUCCESS
16,1774010630914,1774010633954,3040,SUCCESS
14,1774010630914,1774010633964,3050,SUCCESS
35,1774010630914,1774010633981,3067,SUCCESS
15,1774010630914,1774010633984,3070,SUCCESS
43,1774010630913,1774010634047,3134,SUCCESS
20,1774010630914,1774010634047,3133,SUCCESS
39,1774010630913,1774010634070,3157,SUCCESS
50,1774010630913,1774010634070,3157,SUCCESS
7,1774010630914,1774010634104,3190,SUCCESS
12,1774010630914,1774010634110,3196,SUCCESS
49,1774010630913,1774010634114,3201,SUCCESS
19,1774010630914,1774010634116,3202,SUCCESS
38,1774010630913,1774010634121,3208,SUCCESS
22,1774010630914,1774010634121,3207,SUCCESS
44,1774010630913,1774010634127,3214,SUCCESS
2,1774010630914,1774010634132,3218,SUCCESS
33,1774010630914,1774010634132,3218,SUCCESS
46,1774010630913,1774010634134,3221,SUCCESS
47,1774010630913,1774010634158,3245,SUCCESS
45,1774010630913,1774010634160,3247,SUCCESS
41,1774010630913,1774010634174,3261,SUCCESS
34,1774010630914,1774010634179,3265,SUCCESS
10,1774010630914,1774010634183,3269,SUCCESS
27,1774010630914,1774010634183,3269,SUCCESS
36,1774010630914,1774010634199,3285,SUCCESS
29,1774010630914,1774010634199,3285,SUCCESS
37,1774010630914,1774010634227,3313,SUCCESS
42,1774010630913,1774010634268,3355,SUCCESS
3,1774010630914,1774010634338,3424,SUCCESS
13,1774010630914,1774010634376,3462,SUCCESS
23,1774010630914,1774010634380,3466,SUCCESS
21,1774010630914,1774010634428,3514,SUCCESS
26,1774010630914,1774010634479,3565,SUCCESS
51,1774010633809,1774010634861,1052,SUCCESS
52,1774010633822,1774010634881,1059,SUCCESS
57,1774010633864,1774010634914,1050,SUCCESS
56,1774010633854,1774010634920,1066,SUCCESS
58,1774010633869,1774010634971,1102,SUCCESS
54,1774010633831,1774010634971,1140,SUCCESS
59,1774010633880,1774010635031,1151,SUCCESS
61,1774010633886,1774010635049,1163,SUCCESS
66,1774010633940,1774010635076,1136,SUCCESS
53,1774010633824,1774010635084,1260,SUCCESS
75,1774010634070,1774010635110,1040,SUCCESS
64,1774010633903,1774010635131,1228,SUCCESS
55,1774010633848,1774010635141,1293,SUCCESS
65,1774010633925,1774010635142,1217,SUCCESS
72,1774010634047,1774010635161,1114,SUCCESS
80,1774010634121,1774010635165,1044,SUCCESS
79,1774010634116,1774010635196,1080,SUCCESS
81,1774010634121,1774010635219,1098,SUCCESS
73,1774010634047,1774010635238,1191,SUCCESS
68,1774010633954,1774010635243,1289,SUCCESS
90,1774010634183,1774010635260,1077,SUCCESS
63,1774010633899,1774010635263,1364,SUCCESS
89,1774010634179,1774010635266,1087,SUCCESS
62,1774010633893,1774010635270,1377,SUCCESS
76,1774010634104,1774010635290,1186,SUCCESS
71,1774010633984,1774010635292,1308,SUCCESS
67,1774010633953,1774010635295,1342,SUCCESS
69,1774010633964,1774010635297,1333,SUCCESS
85,1774010634134,1774010635306,1172,SUCCESS
87,1774010634160,1774010635313,1153,SUCCESS
60,1774010633882,1774010635336,1454,SUCCESS
84,1774010634132,1774010635358,1226,SUCCESS
82,1774010634127,1774010635359,1232,SUCCESS
74,1774010634070,1774010635373,1303,SUCCESS
88,1774010634174,1774010635396,1222,SUCCESS
96,1774010634338,1774010635417,1079,SUCCESS
83,1774010634132,1774010635423,1291,SUCCESS
77,1774010634110,1774010635428,1318,SUCCESS
70,1774010633981,1774010635437,1456,SUCCESS
100,1774010634479,1774010635498,1019,SUCCESS
94,1774010634227,1774010635500,1273,SUCCESS
93,1774010634199,1774010635505,1306,SUCCESS
86,1774010634158,1774010635513,1355,SUCCESS
91,1774010634183,1774010635538,1355,SUCCESS
99,1774010634428,1774010635563,1135,SUCCESS
92,1774010634199,1774010635579,1380,SUCCESS
78,1774010634115,1774010635589,1474,SUCCESS
95,1774010634268,1774010635598,1330,SUCCESS
97,1774010634376,1774010635690,1314,SUCCESS
101,1774010634861,1774010635929,1068,SUCCESS
98,1774010634380,1774010635993,1613,SUCCESS
102,1774010634881,1774010636002,1121,SUCCESS
105,1774010634971,1774010636006,1035,SUCCESS
106,1774010634971,1774010636025,1054,SUCCESS
109,1774010635076,1774010636181,1105,SUCCESS
112,1774010635131,1774010636241,1110,SUCCESS
107,1774010635031,1774010636250,1219,SUCCESS
108,1774010635049,1774010636255,1206,SUCCESS
104,1774010634920,1774010636274,1354,SUCCESS
110,1774010635084,1774010636285,1201,SUCCESS
122,1774010635263,1774010636307,1044,SUCCESS
121,1774010635260,1774010636316,1056,SUCCESS
111,1774010635110,1774010636392,1282,SUCCESS
124,1774010635270,1774010636404,1134,SUCCESS
113,1774010635141,1774010636434,1293,SUCCESS
103,1774010634914,1774010636439,1525,SUCCESS
120,1774010635243,1774010636448,1205,SUCCESS
116,1774010635165,1774010636464,1299,SUCCESS
125,1774010635290,1774010636468,1178,SUCCESS
115,1774010635161,1774010636516,1355,SUCCESS
143,1774010635513,1774010636531,1018,SUCCESS
114,1774010635143,1774010636534,1391,SUCCESS
129,1774010635306,1774010636541,1235,SUCCESS
117,1774010635196,1774010636557,1361,SUCCESS
128,1774010635297,1774010636561,1264,SUCCESS
119,1774010635238,1774010636566,1328,SUCCESS
132,1774010635358,1774010636568,1210,SUCCESS
131,1774010635336,1774010636568,1232,SUCCESS
118,1774010635219,1774010636574,1355,SUCCESS
123,1774010635266,1774010636584,1318,SUCCESS
136,1774010635419,1774010636593,1174,SUCCESS
130,1774010635313,1774010636605,1292,SUCCESS
126,1774010635292,1774010636721,1429,SUCCESS
142,1774010635505,1774010636721,1216,SUCCESS
146,1774010635579,1774010636729,1150,SUCCESS
140,1774010635498,1774010636740,1242,SUCCESS
134,1774010635373,1774010636751,1378,SUCCESS
133,1774010635359,1774010636758,1399,SUCCESS
137,1774010635423,1774010636803,1380,SUCCESS
147,1774010635589,1774010636803,1214,SUCCESS
127,1774010635295,1774010636812,1517,SUCCESS
144,1774010635538,1774010636851,1313,SUCCESS
135,1774010635396,1774010636857,1461,SUCCESS
145,1774010635563,1774010636884,1321,SUCCESS
148,1774010635599,1774010636894,1295,SUCCESS
149,1774010635690,1774010636920,1230,SUCCESS
138,1774010635428,1774010636973,1545,SUCCESS
150,1774010635930,1774010637032,1102,SUCCESS
151,1774010635993,1774010637092,1099,SUCCESS
141,1774010635500,1774010637097,1597,SUCCESS
139,1774010635437,1774010637117,1680,SUCCESS
154,1774010636025,1774010637206,1181,SUCCESS
153,1774010636006,1774010637276,1270,SUCCESS
155,1774010636181,1774010637282,1101,SUCCESS
152,1774010636002,1774010637317,1315,SUCCESS
156,1774010636241,1774010637338,1097,SUCCESS
157,1774010636250,1774010637351,1101,SUCCESS
159,1774010636274,1774010637410,1136,SUCCESS
158,1774010636256,1774010637473,1217,SUCCESS
165,1774010636435,1774010637512,1077,SUCCESS
161,1774010636308,1774010637512,1204,SUCCESS
166,1774010636439,1774010637578,1139,SUCCESS
178,1774010636568,1774010637631,1063,SUCCESS
179,1774010636574,1774010637631,1057,SUCCESS
162,1774010636316,1774010637631,1315,SUCCESS
174,1774010636557,1774010637631,1074,SUCCESS
160,1774010636285,1774010637635,1350,SUCCESS
180,1774010636584,1774010637673,1089,SUCCESS
175,1774010636561,1774010637677,1116,SUCCESS
177,1774010636568,1774010637691,1123,SUCCESS
169,1774010636468,1774010637698,1230,SUCCESS
171,1774010636531,1774010637703,1172,SUCCESS
167,1774010636448,1774010637714,1266,SUCCESS
182,1774010636605,1774010637714,1109,SUCCESS
176,1774010636566,1774010637733,1167,SUCCESS
181,1774010636593,1774010637736,1143,SUCCESS
168,1774010636464,1774010637742,1278,SUCCESS
170,1774010636516,1774010637749,1233,SUCCESS
173,1774010636541,1774010637769,1228,SUCCESS
184,1774010636721,1774010637786,1065,SUCCESS
190,1774010636804,1774010637854,1050,SUCCESS
172,1774010636534,1774010637876,1342,SUCCESS
183,1774010636721,1774010637882,1161,SUCCESS
187,1774010636751,1774010637896,1145,SUCCESS
163,1774010636392,1774010637903,1511,SUCCESS
164,1774010636404,1774010637905,1501,SUCCESS
188,1774010636759,1774010637919,1160,SUCCESS
189,1774010636804,1774010637926,1122,SUCCESS
185,1774010636729,1774010637943,1214,SUCCESS
194,1774010636884,1774010638009,1125,SUCCESS
196,1774010636920,1774010638052,1132,SUCCESS
193,1774010636857,1774010638063,1206,SUCCESS
186,1774010636740,1774010638093,1353,SUCCESS
191,1774010636812,1774010638109,1297,SUCCESS
192,1774010636851,1774010638140,1289,SUCCESS
197,1774010636973,1774010638149,1176,SUCCESS
195,1774010636894,1774010638229,1335,SUCCESS
200,1774010637097,1774010638255,1158,SUCCESS
198,1774010637032,1774010638329,1297,SUCCESS
203,1774010637276,1774010638343,1067,SUCCESS
205,1774010637317,1774010638427,1110,SUCCESS
206,1774010637338,1774010638474,1136,SUCCESS
204,1774010637282,1774010638510,1228,SUCCESS
209,1774010637473,1774010638566,1093,SUCCESS
199,1774010637092,1774010638573,1481,SUCCESS
201,1774010637117,1774010638582,1465,SUCCESS
210,1774010637512,1774010638604,1092,SUCCESS
202,1774010637206,1774010638645,1439,SUCCESS
216,1774010637631,1774010638656,1025,SUCCESS
217,1774010637635,1774010638660,1025,SUCCESS
219,1774010637678,1774010638704,1026,SUCCESS
220,1774010637691,1774010638765,1074,SUCCESS
211,1774010637512,1774010638785,1273,SUCCESS
208,1774010637410,1774010638791,1381,SUCCESS
215,1774010637631,1774010638818,1187,SUCCESS
222,1774010637703,1774010638820,1117,SUCCESS
226,1774010637736,1774010638825,1089,SUCCESS
224,1774010637714,1774010638857,1143,SUCCESS
218,1774010637673,1774010638882,1209,SUCCESS
234,1774010637897,1774010638896,999,SUCCESS
214,1774010637631,1774010638900,1269,SUCCESS
231,1774010637854,1774010638970,1116,SUCCESS
225,1774010637733,1774010639011,1278,SUCCESS
212,1774010637578,1774010639024,1446,SUCCESS
230,1774010637786,1774010639035,1249,SUCCESS
237,1774010637919,1774010639038,1119,SUCCESS
235,1774010637904,1774010639051,1147,SUCCESS
238,1774010637926,1774010639064,1138,SUCCESS
232,1774010637876,1774010639068,1192,SUCCESS
221,1774010637699,1774010639077,1378,SUCCESS
240,1774010638009,1774010639117,1108,SUCCESS
242,1774010638063,1774010639124,1061,SUCCESS
233,1774010637883,1774010639129,1246,SUCCESS
246,1774010638149,1774010639161,1012,SUCCESS
207,1774010637351,1774010639166,1815,SUCCESS
241,1774010638052,1774010639202,1150,SUCCESS
245,1774010638140,1774010639207,1067,SUCCESS
244,1774010638109,1774010639216,1107,SUCCESS
239,1774010637943,1774010639227,1284,SUCCESS
236,1774010637905,1774010639234,1329,SUCCESS
223,1774010637714,1774010639241,1527,SUCCESS
227,1774010637742,1774010639292,1550,SUCCESS
250,1774010638343,1774010639333,990,SUCCESS
243,1774010638093,1774010639379,1286,SUCCESS
213,1774010637631,1774010639407,1776,SUCCESS
247,1774010638229,1774010639415,1186,SUCCESS
249,1774010638329,1774010639480,1151,SUCCESS
248,1774010638255,1774010639514,1259,SUCCESS
228,1774010637749,1774010639697,1948,SUCCESS
229,1774010637769,1774010639943,2174,SUCCESS
